<?xml version="1.0" encoding="UTF-8"?>
<Configuration monitorInterval="30">
    <Appenders>

        <!-- Console -->
        <Console name="ConsoleAppender" target="SYSTEM_OUT">
            <PatternLayout pattern="[%d{HH:mm:ss}] [%p] %c - %m%n" />
        </Console>

        <!-- Rolling File Appender -->
        <RollingFile name="FileAppender"
                     fileName="reports/logs/framework.log"
                     filePattern="reports/logs/framework-%d{yyyy-MM-dd}-%i.log.gz">

            <PatternLayout pattern="[%d{yyyy-MM-dd HH:mm:ss}] [%p] %c - %m%n" />
            <Policies>
                <TimeBasedTriggeringPolicy />
                <SizeBasedTriggeringPolicy size="10MB" />
            </Policies>
        </RollingFile>

    </Appenders>

    <Loggers>
        <Root level="info">
            <AppenderRef ref="ConsoleAppender"/>
            <AppenderRef ref="FileAppender"/>
        </Root>
    </Loggers>
</Configuration>
